<?xml version="1.0" encoding="UTF-8"?>
<project-private xmlns="http://www.netbeans.org/ns/project-private/1">
    <data xmlns="http://www.netbeans.org/ns/make-project-private/1">
        <activeConfTypeElem>1</activeConfTypeElem>
        <activeConfIndexElem>0</activeConfIndexElem>
    </data>
    <editor-bookmarks xmlns="http://www.netbeans.org/ns/editor-bookmarks/2" lastBookmarkId="0"/>
    <open-files xmlns="http://www.netbeans.org/ns/projectui-open-files/2">
        <group>
            <file>file:/C:/Users/nick2/Desktop/CIS%2017C/Review2_CIS17c_ObjectArray_1_nick/main.cpp</file>
            <file>file:/C:/Users/nick2/Desktop/CIS%2017C/Review2_CIS17c_ObjectArray_1_nick/Table.cpp</file>
            <file>file:/C:/Users/nick2/Desktop/CIS%2017C/Review2_CIS17c_ObjectArray_1_nick/RowArray.cpp</file>
            <file>file:/C:/Users/nick2/Desktop/CIS%2017C/Review2_CIS17c_ObjectArray_1_nick/AbsRow.h</file>
            <file>file:/C:/Users/nick2/Desktop/CIS%2017C/Review2_CIS17c_ObjectArray_1_nick/RowAray.h</file>
            <file>file:/C:/Users/nick2/Desktop/CIS%2017C/Review2_CIS17c_ObjectArray_1_nick/AbsTabl.h</file>
            <file>file:/C:/Users/nick2/Desktop/CIS%2017C/Review2_CIS17c_ObjectArray_1_nick/PlusTab.h</file>
            <file>file:/C:/Users/nick2/Desktop/CIS%2017C/Review2_CIS17c_ObjectArray_1_nick/Table.h</file>
        </group>
    </open-files>
</project-private>
